dataset,start_year,end_year,n_years,arctic_trend_C_per_decade,global_trend_C_per_decade,aa_ratio,arctic_trend_p,global_trend_p,arctic_r2,global_r2
best,1979,2024,46,0.6812792652520067,0.20228339077843366,3.3679446573951783,1.0020927642119218e-16,1.6687871620715786e-21,0.7946334571232625,0.8751957825249452
era5,1979,2024,46,0.6847265995407119,0.206606103676738,3.3141644286175365,2.042255273342377e-16,5.42433328643024e-19,0.7879173997315297,0.8378192478164584
gistemp,1979,2025,47,0.6803422667961447,0.20667206437415706,3.2918927328487895,8.01096639515582e-19,5.130713009943843e-22,0.8281350929377828,0.8759010309263704
hadcrut5,1979,2025,47,0.7047412321178258,0.20843560707683872,3.381098085885232,2.068463726979468e-18,5.153768261505703e-22,0.8207683114093505,0.8758763735465556
